<?xml version='1.0' encoding='UTF-8'?>

<!DOCTYPE hibernate-configuration PUBLIC
        "-//Hibernate/HibernateConfigurationDTD//EN"
        "http://www.hibernate.org/dtd/hibernate-configuration-3.0.dtd">

<hibernate-configuration>

    <session-factory>
        <property name="hbm2ddl.auto">create</property>
        
		<property name="dialect">org.hibernate.dialect.MySQL5Dialect</property>
       
        <property name="connection.url">jdbc:mysql://127.0.0.1:3306/M06</property>
       
        <property name="connection.username">ilerna</property>
       
        <property name="connection.password">Ilerna_1234</property>
       
        <property name="hibernate.show_sql">true</property>
       
        <mapping resource="alumno.hbm.xml"/>
       
        <mapping resource="profesor.hbm.xml"/>
       
       
        <mapping resource="modulo.hbm.xml"/>
    
    </session-factory>

</hibernate-configuration>