<?xml version='1.0' encoding='UTF-8'?>

<!DOCTYPE hibernate-mapping PUBLIC
        "-//Hibernate/HibernateMappingDTD5.3//EN"
        "http://www.hibernate.org/dtd/hibernate-mapping-3.0.dtd">
        
<hibernate-mapping>
    <class name="pac.Profesor" table="profesores" catalog="M06">
    
        <meta attribute="class-description">
            Detalles del Profesor
        </meta>
        
        <id name="id" column="idProfesor" type="long">
            <generator class="increment"/>
        </id>
        
        <property name="nombre" column = "nombre" type="string"/>
        <property name="sexo" column = "sexo" type="string"/>
        
    </class>
</hibernate-mapping>