<?xml version='1.0' encoding='UTF-8'?>

<!DOCTYPE hibernate-mapping PUBLIC
        "-//Hibernate/HibernateMappingDTD5.3//EN"
        "http://www.hibernate.org/dtd/hibernate-mapping-3.0.dtd">
        
<hibernate-mapping>
    <class name="pac.Alumno" table="alumnos" catalog="m06">
        <meta attribute="class-description">
            Detalle de los alumnos y su lista de modulos asigandos
        </meta>
        <id name="id" column="idAlumno" type="long">
            <generator class="increment"/>
        </id>
        <property name="nombre" column= "NOMBRE" type="string"/>
        <property name="nacionalidad" column = "NACIONALIDAD" type="string"/>
        <property name="edad" column = "EDAD" type="int"/>
        <property name="sexo" column = "SEXO" type="string"/>
        <set name = "modulos" table = "alumno_modulo" cascade = "all" inverse = "false">
			<key>
				<column name = "idAlumno"/>
			</key>
			<many-to-many column = "IdModulo" class = "pac.Modulo"/>
		</set>			
    </class>
</hibernate-mapping>

<!-- Consultas realizadas en https://mkyong.com/hibernate/hibernate-many-to-many-relationship-example/ -->