<?xml version='1.0' encoding='UTF-8'?>

<!DOCTYPE hibernate-mapping PUBLIC
        "-//Hibernate/HibernateMappingDTD5.3//EN"
        "http://www.hibernate.org/dtd/hibernate-mapping-3.0.dtd">
        
<hibernate-mapping>

    <class name="pac.Modulo" table="modulos" catalog="M06">
      
        <meta attribute="class-description">
            Detalles de los modulos
        </meta>
       
        <id name="id" column="idModulo" type="long">
            <generator class="increment"/>
        </id>
        
        <property name="nombre" type="string"/>
        <property name="codigo" type="string"/>
        
 
    </class>
</hibernate-mapping>